{
  "swf":[{
    "img":"assets/alienquarantine.png",
    "nome": "nome GRANDE DO CARALH SEM A MENOR NECESSIDADE VERSÃO 1.00000.000.000",
    "link": "link",
    "genero": "",
    "desc": "descrição",
    "plataforma": "swf",
    "emulador": ""
  },
    {
      "img":"assets/alienquarantine.png",
      "nome": "outro jogo swf",
      "link": "link",
      "genero": "",
      "desc": "descrição",
      "plataforma": "swf",
      "emulador": ""
    },
    {
      "img":"assets/alienquarantine.png",
      "nome": "a jogo",
      "link": "link"
    },
    {
      "img":"assets/alienquarantine.png",
      "nome": "z jogo",
      "link": "link",
      "genero": "",
      "desc": "descrição",
      "plataforma": "swf",
      "emulador": ""
    }],
  "jar":[{
    "img":"assets/alienquarantine.png",
    "nome": "nome do jogo jar",
    "link": "link",
    "genero": "",
    "desc": "descrição",
    "plataforma": "jar",
    "emulador": ""
  },
    {
      "img":"assets/alienquarantine.png",
      "nome": "outro jogo jar",
      "link": "link",
      "genero": "",
      "desc": "descrição",
      "plataforma": "jar",
      "emulador": ""
    },
    {
      "img":"assets/alienquarantine.png",
      "nome": "a jogo",
      "link": "link",
      "genero": "",
      "desc": "descrição",
      "plataforma": "jar",
      "emulador": ""
    },
    {
      "img":"assets/alienquarantine.png",
      "nome": "z jogo",
      "link": "link",
      "genero": "",
      "desc": "descrição",
      "plataforma": "jar",
      "emulador": ""
    }],
  "apk":[{
    "img":"assets/alienquarantine.png",
    "nome": "Diamond rush",
    "link": "link",
    "genero": "",
    "desc": "descrição",
    "plataforma": "Android",
    "emulador": ""
  },
    {
      "img":"assets/alienquarantine.png",
      "nome": "Dragon mania",
      "link": "link",
      "genero": "",
      "desc": "descrição",
      "plataforma": "Android",
      "emulador": ""
    },
    {
      "img":"assets/alienquarantine.png",
      "nome": "a jogo apk",
      "link": "link",
      "genero": "",
      "desc": "descrição",
      "plataforma": "Android",
      "emulador": ""
    },
    {
      "img":"assets/alienquarantine.png",
      "nome": "z jogo apk",
      "link": "link",
      "genero": "",
      "desc": "descrição",
      "plataforma": "Android",
      "emulador": ""
    }],
  "eventos":[{
    "nome":"Corrida heróica",
    "img": "caminho da imagem",
    "link": "link",
    "link2": "link"
  },
    {
      "nome":"Labirinto",
      "img": "caminho da imagem",
      "link": "link",
      "link2": "link"
    },
    {
      "nome":"Grade",
      "img": "caminho da imagem",
      "link": "link",
      "link2": "link"
    },
    {
      "nome":"Neblina",
      "img": "caminho da imagem",
      "link": "link",
      "link2": "link"
    },
    {
      "nome":"Puzzle",
      "img": "caminho da imagem",
      "link": "link",
      "link2": "link"
    },
    {
      "nome":"Corredor",
      "img": "caminho da imagem",
      "link": "link",
      "link2": "link"
    }]
}